name,name group,lowlevel.spectral_centroid.mean,lowlevel.spectral_centroid.max,lowlevel.spectral_centroid.min,lowlevel.spectral_centroid.stdev,lowlevel.spectral_flux.max,lowlevel.spectral_flux.mean,lowlevel.spectral_flux.min,lowlevel.spectral_flux.stdev,lowlevel.spectral_rms.max,lowlevel.spectral_rms.mean,lowlevel.spectral_rms.min,lowlevel.spectral_rms.stdev,lowlevel.spectral_spread.max,lowlevel.spectral_spread.mean,lowlevel.spectral_spread.min,lowlevel.spectral_spread.stdev,lowlevel.zerocrossingrate.max,lowlevel.zerocrossingrate.mean,lowlevel.zerocrossingrate.min,lowlevel.zerocrossingrate.stdev,lowlevel.barkbands_flatness_db.max,lowlevel.barkbands_flatness_db.mean,lowlevel.barkbands_flatness_db.min,lowlevel.barkbands_flatness_db.stdev,lowlevel.erbbands_flatness_db.max,lowlevel.erbbands_flatness_db.mean,lowlevel.erbbands_flatness_db.min,lowlevel.erbbands_flatness_db.stdev,lowlevel.melbands_flatness_db.max,lowlevel.melbands_flatness_db.mean,lowlevel.melbands_flatness_db.stdev,lowlevel.melbands_flatness_db.min,centroid,effectiveduration,logattacktime.logpoint1,logattacktime.logpoint2,logattacktime.logpoint3,logattacktime.decimalpoint1,logattacktime.decimalpoint2,logattacktime.decimalpoint3,
acco_gref_mg_qu_mf_sol2_12,string,1132.3074951171875,2205.945556640625,161.154541015625,280.90966796875,0.06935899704694748,0.014083471149206161,0.0011500059626996517,0.010000677779316902,0.007149752229452133,0.003782412735745311,5.36668230779469e-05,0.0029474333859980106,12198494.0,4681917.0,2113618.0,2149313.75,0.07421875,0.032875001430511475,0.0,0.019168978556990623,0.5503720641136169,0.24350684881210327,0.10154708474874496,0.10762648284435272,0.3257419168949127,0.18220725655555725,0.041590407490730286,0.07663717865943909,0.5894171595573425,0.29844793677330017,0.11660896241664886,0.1418170928955078,0.4206210970878601,4.387641906738281,-0.5948717594146729,0.16208617389202118,0.4162585139274597,0.25417231271077684,1.452399778111299,2.6077053255239115,
acco_gref_mg_qu_mf_sol3_12,string,1238.8927001953125,1917.9085693359375,402.2296447753906,251.580810546875,0.08989769220352173,0.023218553513288498,0.0022210017777979374,0.016776736825704575,0.007121749222278595,0.004407355096191168,1.8432340311846929e-06,0.0022812995593994856,23126248.0,4242952.5,2265670.5,2242325.0,0.07421875,0.041693203151226044,0.0,0.024406231939792633,0.6711353063583374,0.3373662233352661,0.07628084719181061,0.11237400770187378,0.3635452389717102,0.23062098026275635,0.047995470464229584,0.08110953867435455,0.6884730458259583,0.3722829222679138,0.10695233196020126,0.17945246398448944,0.49136292934417725,5.603061199188232,0.267533540725708,0.20326530933380127,2.054807186126709,1.8515418839576945,1.5968543633742365,113.45070163670684,
acco_gref_mg_qu_mf_sol4_12,string,1420.4527587890625,2336.9443359375,425.1484680175781,357.0746765136719,0.09511025995016098,0.026067696511745453,0.0020373226143419743,0.020115159451961517,0.006664223037660122,0.0037137987092137337,4.241190254106186e-05,0.0021338416263461113,13311014.0,4351685.5,1962628.625,2430041.25,0.0986328125,0.04251967370510101,0.0,0.02926202304661274,0.6453295946121216,0.4216526746749878,0.15517261624336243,0.06744039803743362,0.4393943250179291,0.2986909747123718,0.040656741708517075,0.1521916538476944,0.6797163486480713,0.4510859251022339,0.06580225378274918,0.25776806473731995,0.4558091461658478,4.958072662353516,0.24977774918079376,0.1259637176990509,1.903333306312561,1.7773696058366237,1.336483857897404,80.04483363338939,
acco_gref_mg_qu_mf_sol5_1,string,2065.5263671875,3382.514404296875,522.8785400390625,703.4696655273438,0.10141310095787048,0.036569781601428986,0.006599062588065863,0.019583774730563164,0.006681450176984072,0.003978865686804056,2.2460233140009223e-06,0.0017543770372867584,17500832.0,4592956.0,2493313.5,2554466.25,0.134765625,0.053137827664613724,0.0,0.03649444133043289,0.5204862356185913,0.3726208806037903,0.10310324281454086,0.05059484764933586,0.4217416048049927,0.28028619289398193,0.03741993382573128,0.15288996696472168,0.5380752682685852,0.42385634779930115,0.0453934520483017,0.20880180597305298,0.47388920187950134,4.873854637145996,0.4144427478313446,0.04476190358400345,2.641587257385254,2.596825384565344,1.108566890961454,438.1141271471224,
acco_gref_mg_se_mf_sol0_12,string,659.7665405273438,1915.57470703125,364.55450439453125,291.9596862792969,0.07303192466497421,0.029297150671482086,0.0034653504844754934,0.01358794141560793,0.008262045681476593,0.004514901898801327,0.00018104659102391452,0.0031852282118052244,15711551.0,3564006.75,956257.9375,2944961.5,0.033203125,0.01850237138569355,0.0,0.00712209427729249,0.5000666975975037,0.27585887908935547,0.12443158775568008,0.07293719798326492,0.32459479570388794,0.21061237156391144,0.040826719254255295,0.10537606477737427,0.578917920589447,0.3732146918773651,0.06349466741085052,0.23794546723365784,0.4692815840244293,5.011768817901611,0.24145947396755219,0.32344672083854675,2.0670974254608154,1.7436506417453084,2.10594352640622,116.70713973066648,
acco_gref_mg_se_mf_sol1_12,string,1007.847412109375,1978.236083984375,396.7294921875,202.80731201171875,0.0831119641661644,0.016773639246821404,0.0011940911645069718,0.01326392125338316,0.007722316309809685,0.004578641150146723,1.0831249710463453e-06,0.003042032942175865,13077000.0,3929335.5,1242321.75,2205749.0,0.0498046875,0.028673894703388214,0.0,0.01426208857446909,0.6169862747192383,0.22009097039699554,0.12127465754747391,0.1150374487042427,0.29893821477890015,0.1875178962945938,0.042189668864011765,0.07317283749580383,0.6206628680229187,0.27453574538230896,0.11627381294965744,0.1813332885503769,0.429409921169281,5.428662300109863,-0.5915139317512512,0.10489796102046967,0.3610430955886841,0.256145109387084,1.2732039022435393,2.2963765091413215,
acco_gref_mg_se_mf_sol2_12,string,1075.8916015625,2052.193359375,419.2332458496094,223.22500610351562,0.09208599478006363,0.013566412962973118,0.0018048958154395223,0.009701687842607498,0.0069648795761168,0.0043159653432667255,7.77515015215613e-06,0.0028699305839836597,18168980.0,3987256.25,1933048.875,2406504.5,0.05908203125,0.03451251611113548,0.0,0.015535655431449413,0.5058910846710205,0.23101390898227692,0.09675303101539612,0.08025185763835907,0.29570436477661133,0.2046469897031784,0.03932734578847885,0.08478235453367233,0.5383825302124023,0.28743216395378113,0.08594202250242233,0.19594532251358032,0.46930137276649475,4.802018165588379,0.04183116927742958,0.18498866260051727,1.2860997915267944,1.1011111725476541,1.531047492664817,19.32412292770172,
acco_gref_mg_se_mf_sol3_12,string,769.2656860351562,1699.7921142578125,209.5639190673828,218.58111572265625,0.0585210956633091,0.012605786323547363,0.0016723113367334008,0.007421204820275307,0.007169153541326523,0.004298007115721703,8.672603871673346e-05,0.002919444814324379,25824418.0,4171806.25,1613867.875,2683506.25,0.06005859375,0.022279147058725357,0.0,0.012515307404100895,0.5581484436988831,0.35533249378204346,0.16084904968738556,0.05662055313587189,0.3855685591697693,0.24603043496608734,0.03995427116751671,0.10275585949420929,0.6138889789581299,0.4116603434085846,0.07062605023384094,0.2776259481906891,0.4391973614692688,5.976304054260254,0.024021906778216362,0.14356009662151337,1.2004308700561523,1.056870818780484,1.39174636802157,15.86466368977479,
acco_gref_mg_se_mf_sol4_12,string,1265.672607421875,2371.90087890625,415.0682067871094,355.32196044921875,0.07323834300041199,0.007682475261390209,0.0013738061534240842,0.006848812568932772,0.006960545666515827,0.0036512822844088078,1.515330313850427e-05,0.002721310593187809,17033244.0,4308746.0,1524209.125,2529899.25,0.107421875,0.032097138464450836,0.0,0.021662099286913872,0.532576322555542,0.41452857851982117,0.1560472846031189,0.06379890441894531,0.474500447511673,0.32415467500686646,0.04309568926692009,0.16809481382369995,0.5834789276123047,0.4700362980365753,0.05566336587071419,0.25817543268203735,0.41048067808151245,4.23231315612793,-0.5270016193389893,0.13984127342700958,0.43700680136680603,0.2971654951409131,1.3798798519553044,2.735311562935703,
bsn_gref_mf_sol1_12,wind,554.3572998046875,1581.4476318359375,482.4872741699219,152.5556182861328,0.17774006724357605,0.003999485168606043,0.0003400954883545637,0.011025218293070793,0.00767643004655838,0.005029083229601383,6.509411377919605e-06,0.002759621012955904,13016502.0,1816783.5,339088.15625,2644108.25,0.0361328125,0.02090354450047016,0.0,0.005117865279316902,0.47883886098861694,0.42256098985671997,0.16177727282047272,0.06507206708192825,0.5203737020492554,0.42589619755744934,0.039087481796741486,0.15127910673618317,0.5962918400764465,0.5268665552139282,0.0686725303530693,0.26394417881965637,0.4534907341003418,6.312222003936768,-0.6133534908294678,0.13956916332244873,0.38315191864967346,0.24358273873230787,1.3790155498250984,2.4163059240150178,
bsn_gref_mf_sol2_12,wind,622.4420776367188,2340.459716796875,445.0732727050781,320.0774841308594,0.17276868224143982,0.00454171746969223,0.0001554900809423998,0.011066417209804058,0.0076107000932097435,0.0050406670197844505,6.0762622524634935e-06,0.0027348832227289677,18980720.0,1907895.875,443633.40625,2369970.75,0.046875,0.025542324408888817,0.00390625,0.004936415236443281,0.4925532937049866,0.42037543654441833,0.1323317587375641,0.09014324098825455,0.5167953372001648,0.4275713562965393,0.04389108344912529,0.1420040726661682,0.5663169026374817,0.5074191093444824,0.08606400340795517,0.19474810361862183,0.4639463722705841,6.448185920715332,-0.2267676442861557,0.16147392988204956,0.7547165751457214,0.5932426356535334,1.4503537088949392,5.684818129319039,
bsn_gref_mf_sol3_12,wind,761.336181640625,1310.160400390625,425.4085388183594,87.8546142578125,0.13892649114131927,0.007363427896052599,0.000990983098745346,0.01312305312603712,0.00771680660545826,0.005616592708975077,1.2151571354479529e-05,0.002607103670015931,20612108.0,2190951.0,934367.4375,2202951.5,0.04248046875,0.03314029425382614,0.0009765625,0.006958985701203346,0.4981057941913605,0.4319094121456146,0.12085160613059998,0.08013934642076492,0.5173607468605042,0.441142737865448,0.05959802120923996,0.12333643436431885,0.5390704274177551,0.49382495880126953,0.06192765384912491,0.2267974317073822,0.4868330657482147,6.129138469696045,-0.11264044791460037,0.14240363240242004,0.9139455556869507,0.7715419637534222,1.3880452760123108,8.202487093210816,
cb_d_gref_mf_sol1_12,string,212.4541778564453,1158.0557861328125,108.60784149169922,108.26937866210938,0.2189781665802002,0.055335793644189835,0.000521038775332272,0.06333459913730621,0.017898034304380417,0.005703255999833345,4.5008141569269355e-06,0.005571039859205484,22420466.0,3354330.5,610288.25,2722255.5,0.02783203125,0.007937547750771046,0.0029296875,0.004221454728394747,0.6023474335670471,0.3819597363471985,0.1909720003604889,0.06763612478971481,0.39884793758392334,0.24055340886116028,0.054193589836359024,0.056119319051504135,0.754584550857544,0.5101344585418701,0.07579859346151352,0.297899454832077,0.3909089267253876,5.144126892089844,-0.2052638828754425,0.15682539343833923,0.7801814079284668,0.6233559613440264,1.4349124159016546,6.028113321213791,
cb_d_gref_mf_sol2_12,string,345.3492736816406,1577.8238525390625,209.5585479736328,149.3610382080078,0.09297284483909607,0.00883409846574068,0.0005606118938885629,0.009951972402632236,0.008601703681051731,0.003252668771892786,1.289259671466425e-05,0.0030808188021183014,26410290.0,3414624.75,823378.875,3024605.25,0.0263671875,0.009920221753418446,0.00048828125,0.0034063621424138546,0.47470155358314514,0.3487775921821594,0.14223827421665192,0.04782215133309364,0.39750733971595764,0.26098889112472534,0.047755930572748184,0.0930352732539177,0.5941027998924255,0.4636974632740021,0.05566803738474846,0.24800927937030792,0.3798101842403412,4.703968048095703,-0.3679078221321106,0.1937868446111679,0.6224263310432434,0.4286394883535417,1.5623806248597574,4.192048813308886,
cb_g_gref_mf_sol1_12,string,210.79910278320312,1855.3817138671875,104.780029296875,120.07109069824219,0.15501610934734344,0.0096757085993886,0.0008443141705356538,0.016393622383475304,0.016711512580513954,0.003593078115954995,9.109368693316355e-05,0.005177685990929604,22729088.0,4224337.5,584907.125,2427267.75,0.02490234375,0.007958036847412586,0.0009765625,0.00406351312994957,0.5573997497558594,0.42022979259490967,0.15576767921447754,0.07591744512319565,0.4582720994949341,0.25640738010406494,0.05869218334555626,0.08610254526138306,0.7037224173545837,0.5513789653778076,0.08339527249336243,0.27104678750038147,0.23694393038749695,4.427346706390381,0.37019115686416626,0.14954648911952972,2.494807243347168,2.3452608663417145,1.4110632758590596,312.4692200310441,
cb_g_gref_mf_sol2_12,string,309.92523193359375,1809.9923095703125,147.50599670410156,149.2123565673828,0.1005241796374321,0.012052333913743496,0.0009142686612904072,0.012605002149939537,0.009367067366838455,0.004439665470272303,3.7030833937024e-06,0.0032395857851952314,17555976.0,3256344.5,643376.9375,2566698.25,0.0361328125,0.010204173624515533,0.00146484375,0.004605451133102179,0.47949397563934326,0.3378867506980896,0.11341831833124161,0.0558716356754303,0.4226808249950409,0.2584436237812042,0.04563605785369873,0.0840759128332138,0.6100996732711792,0.449322372674942,0.06459276378154755,0.22956417500972748,0.47197648882865906,4.357573509216309,-0.0904221460223198,0.124943308532238,0.936984121799469,0.8120408067154307,1.3333473697324236,8.649362953414192,
cb_g_gref_mf_sol3_12,string,635.458740234375,993.6671752929688,316.2120056152344,148.14259338378906,0.08533009886741638,0.017608221620321274,0.0015491233207285404,0.012816849164664745,0.008202292025089264,0.0038923779502511024,4.321069354773499e-05,0.0028255623765289783,8742564.0,3544923.0,1042896.0625,2430811.75,0.076171875,0.030759457498788834,0.0,0.01619742251932621,0.4636940062046051,0.3125331997871399,0.19334393739700317,0.04242805764079094,0.39745375514030457,0.2702719569206238,0.060270749032497406,0.0926465392112732,0.5444343686103821,0.38386180996894836,0.05550069361925125,0.29762881994247437,0.4635591208934784,4.137165546417236,-0.19704793393611908,0.17399093508720398,0.8092517256736755,0.6352608129969032,1.492763251204933,6.445427469937108,
clsb_gref_mf_sol2_12,string,513.443359375,1604.9063720703125,206.25543212890625,214.60935974121094,0.06706184893846512,0.00530411908403039,0.000425445701694116,0.005629168823361397,0.00811021402478218,0.006085018627345562,2.979613964271266e-05,0.0024718493223190308,12508984.0,2049322.0,794420.6875,2038064.375,0.05859375,0.028255019336938858,0.0087890625,0.009241635911166668,0.4485739767551422,0.3345929980278015,0.0952109545469284,0.05611470341682434,0.3907322883605957,0.329812228679657,0.038064200431108475,0.07894457131624222,0.5688201785087585,0.42654210329055786,0.05557048320770264,0.20040062069892883,0.47498783469200134,7.379614353179932,-0.24229758977890015,0.23612244427204132,0.8085260987281799,0.572403670816725,1.7223541042219095,6.434667326693099,
clsb_gref_mf_sol3_12,string,1041.8106689453125,3045.917236328125,427.678955078125,244.45074462890625,0.09361596405506134,0.00811577308923006,0.0005074340733699501,0.007750430144369602,0.00823140051215887,0.005666707176715136,3.5905777622247115e-05,0.00238675600849092,19635432.0,2121788.75,808634.3125,2136795.25,0.07177734375,0.052166279405355453,0.00634765625,0.010534330271184444,0.5006026029586792,0.43800291419029236,0.1258726567029953,0.0823851004242897,0.5503048300743103,0.4434773027896881,0.046138472855091095,0.10498112440109253,0.5292206406593323,0.46995025873184204,0.06269772350788116,0.18307749927043915,0.49977079033851624,7.018526077270508,-0.2259218692779541,0.1727437674999237,0.7671428322792053,0.5943990829590923,1.4884826181118669,5.849824435707934,
clsb_gref_mf_sol4_12,string,1077.67431640625,2697.160888671875,677.3889770507812,231.67286682128906,0.1204100027680397,0.004582737106829882,0.0002560573921073228,0.0075738453306257725,0.007393263280391693,0.004605522844940424,1.11924441625888e-06,0.0024540696758776903,10592496.0,2484460.0,704393.0,2521691.75,0.0712890625,0.0369335412979126,0.00048828125,0.00989800225943327,0.6110970377922058,0.499600350856781,0.09173222631216049,0.12997308373451233,0.594508171081543,0.48295754194259644,0.03428353741765022,0.17162415385246277,0.6492736339569092,0.5481716394424438,0.11122047156095505,0.14272689819335938,0.4638965427875519,6.856621265411377,0.34388846158981323,0.3058503270149231,2.5132880210876465,2.207437731306287,2.0223220960264343,326.0528653131588,
clsb_gref_mf_sol5_12,string,2041.243408203125,3444.187744140625,793.087646484375,352.1073913574219,0.11198601126670837,0.00565612968057394,0.00019294860248919576,0.007779797073453665,0.008587297983467579,0.0031325723975896835,1.1115041161247063e-05,0.002042490290477872,13565141.0,2913529.25,1198268.75,1993274.75,0.08935546875,0.06682142615318298,0.00341796875,0.012481040321290493,0.6805574297904968,0.5346542000770569,0.09748494625091553,0.12385449558496475,0.6728702187538147,0.5015550851821899,0.03640372306108475,0.15192632377147675,0.6851573586463928,0.5547553300857544,0.09973519295454025,0.2025889903306961,0.4596104621887207,6.759455680847168,-0.5962299108505249,0.514535129070282,0.767913818359375,0.2533786915710118,3.2699049526505375,5.860218624677465,
fltu_gref_mf_sol3_12,wind,629.9889526367188,2740.73046875,403.77484130859375,200.18434143066406,0.06360495090484619,0.007325777318328619,0.0002963911974802613,0.007110166363418102,0.007407403085380793,0.005449794232845306,8.002019171726715e-07,0.0025691399350762367,11893259.0,2444172.25,950702.3125,1862433.375,0.087890625,0.03001800738275051,0.017578125,0.013207311742007732,0.5346632599830627,0.4087063670158386,0.02100367471575737,0.1011982187628746,0.4933171272277832,0.3821239471435547,0.04193098098039627,0.10224584490060806,0.6170211434364319,0.47980666160583496,0.08919166773557663,0.09192419797182083,0.5150787830352783,7.6737189292907715,0.5610283613204956,0.2855782210826874,3.9249660968780518,3.639388021394798,1.930092935273166,8413.294608459311,
fltu_gref_mf_sol4_12,wind,864.7518310546875,1715.9412841796875,438.1114501953125,108.72738647460938,0.11542072147130966,0.004992195405066013,0.00026844441890716553,0.01027627196162939,0.007769977208226919,0.005602180492132902,4.185213583696168e-06,0.0027522416785359383,10509258.0,2635558.0,1071272.0,2033682.75,0.0927734375,0.03688151016831398,0.00927734375,0.006521797738969326,0.6123571395874023,0.5173181295394897,0.09700071066617966,0.13525672256946564,0.6113322973251343,0.5031305551528931,0.046391505748033524,0.16057729721069336,0.6508263945579529,0.5639750957489014,0.11262746155261993,0.20037388801574707,0.49502232670783997,7.597165584564209,-1.2709746360778809,0.3711564540863037,0.4247392416000366,0.053582795033908476,2.350479425847646,2.659127991005977,
fltu_gref_mf_sol5_12,wind,1562.3480224609375,5121.71533203125,540.138916015625,269.6362609863281,0.17730015516281128,0.006399298552423716,0.00017464079428464174,0.012903031893074512,0.009561480022966862,0.004814284387975931,2.4282124400087923e-07,0.0027128146030008793,16576172.0,2650004.0,458674.15625,2476611.0,0.47021484375,0.07152580469846725,0.00048828125,0.03433297574520111,0.6828168630599976,0.5275919437408447,0.08100863546133041,0.14594371616840363,0.6984277963638306,0.5439512729644775,0.03936707600951195,0.18424098193645477,0.7029705047607422,0.5564162135124207,0.12142367660999298,0.0748315081000328,0.5009854435920715,7.634331226348877,-1.4791942834854126,0.48535147309303284,0.5185260772705078,0.03317460163594168,3.057394451502537,3.300092227640495,
gui_gref_a_mf_sol2_12,string,491.00439453125,2014.0533447265625,237.9929656982422,219.0860137939453,0.31249797344207764,0.008365270681679249,6.513289554277435e-05,0.030665520578622818,0.015067128464579582,0.0012334778439253569,4.610302255514398e-07,0.002741527510806918,18086934.0,2896489.0,310804.53125,2568624.25,0.17626953125,0.02550841122865677,0.00048828125,0.021121522411704063,0.4875308573246002,0.3565903306007385,0.057429831475019455,0.08735746890306473,0.5158203840255737,0.33839309215545654,0.05164153501391411,0.13044297695159912,0.6108452081680298,0.47186005115509033,0.09288895130157471,0.11428797245025635,0.3232995271682739,1.7018593549728394,-1.0076498985290527,0.311201810836792,0.4094557762145996,0.09825396868481863,2.0473958131573062,2.567176781676958,
gui_gref_b_mf_sol3_12,string,591.800537109375,2957.939453125,392.04144287109375,484.6977233886719,0.3723317086696625,0.006274513900279999,6.78523356327787e-05,0.028235726058483124,0.01471027173101902,0.001411798526532948,2.4661790387625615e-09,0.002732807770371437,35384668.0,3670688.0,365333.9375,3474792.0,0.50732421875,0.024669401347637177,0.00732421875,0.03643743321299553,0.6701652407646179,0.4667566418647766,0.018724888563156128,0.14637643098831177,0.6018702387809753,0.40924105048179626,0.06818097084760666,0.16314949095249176,0.7615123987197876,0.5685839653015137,0.14940622448921204,0.04971170425415039,0.33745405077934265,1.7839909791946411,-1.3162630796432495,0.31278911232948303,0.36106574535369873,0.04827662713738616,2.054892524979939,2.2964962752143654,
gui_gref_d_mf_sol2_12,string,539.470947265625,1598.8375244140625,311.9283447265625,161.90936279296875,0.22812287509441376,0.005186785012483597,0.00010171392932534218,0.019184473901987076,0.012127766385674477,0.0011907975422218442,9.936153588796515e-08,0.0024141741450875998,23230368.0,3165030.25,324380.5625,2792893.25,0.0537109375,0.022245673462748528,0.005859375,0.007816917262971401,0.5137997269630432,0.3745661675930023,0.11369923502206802,0.10123555362224579,0.5266061425209045,0.35442325472831726,0.04962097853422165,0.14023777842521667,0.62410968542099,0.48333504796028137,0.10755220800638199,0.20164217054843903,0.2997663915157318,1.8504761457443237,-0.9172226786613464,0.3995918333530426,0.5205895900726318,0.12099775747257009,2.509526773115036,3.3158096418494383,
gui_gref_d_mf_sol3_12,string,462.12030029296875,1840.4521484375,358.727294921875,195.88485717773438,0.3505350649356842,0.0069245873019099236,6.17264086031355e-05,0.03094252571463585,0.01276483479887247,0.001276258728466928,5.808687433273008e-07,0.002589855808764696,21555158.0,3588188.25,393068.5,2974115.0,0.14013671875,0.020128972828388214,0.00244140625,0.015388032421469688,0.6665858030319214,0.4635000228881836,0.05933399125933647,0.1418277770280838,0.5999028086662292,0.4083862602710724,0.07340823113918304,0.15079627931118011,0.7720924615859985,0.5586196780204773,0.14559313654899597,0.1376977562904358,0.35892757773399353,1.6975964307785034,-1.364999771118164,0.2091156393289566,0.2522675693035126,0.043151930424696734,1.6185109402013178,1.787588570921106,
gui_gref_el_mf_sol1_12,string,286.0105895996094,1059.7325439453125,181.66697692871094,123.27162170410156,0.2167983502149582,0.008408740162849426,0.0008232182590290904,0.021647857502102852,0.010686921887099743,0.0020085743162781,3.64055777026806e-05,0.0024035165552049875,7701673.5,1677065.0,232245.25,1457030.5,0.0400390625,0.008498793467879295,0.001953125,0.00544133922085166,0.5821287035942078,0.45954111218452454,0.1819058060646057,0.05603408440947533,0.4508799612522125,0.3532620966434479,0.06720970571041107,0.0816897377371788,0.6719608902931213,0.5956859588623047,0.06627141684293747,0.2646966576576233,0.3464154303073883,1.9583446979522705,-0.8846197128295898,0.258049875497818,0.3884807229042053,0.13043083878105266,1.8115481235302522,2.446136696596709,
gui_gref_el_mf_sol2_12,string,465.4765930175781,1260.5052490234375,266.5583190917969,157.17120361328125,0.6068606972694397,0.01360190100967884,0.00018430942145641893,0.05460252985358238,0.020900359377264977,0.0012073377147316933,1.4339485687742126e-06,0.0034179699141532183,12779378.0,3934619.25,357995.1875,2766533.0,0.06396484375,0.01971576176583767,0.00146484375,0.009742026217281818,0.5030807256698608,0.34080904722213745,0.09476662427186966,0.0820222869515419,0.46607106924057007,0.28418686985969543,0.05510156974196434,0.13184936344623566,0.6158732771873474,0.44860559701919556,0.08586324751377106,0.20165583491325378,0.31009945273399353,1.6292062997817993,-1.0468530654907227,0.20614512264728546,0.29591837525367737,0.08977324722450879,1.6074783138001076,1.9765981076874568,
gui_gref_e_mf_sol3_12,string,694.8336181640625,2450.341796875,342.36737060546875,381.3658447265625,0.2773779630661011,0.006847662851214409,0.0003486042551230639,0.024044902995228767,0.010520120151340961,0.0008838833891786635,1.6220043974612963e-08,0.0020126085728406906,26913724.0,4939355.5,622640.5,3062059.75,0.47412109375,0.021572129800915718,0.00048828125,0.03262674808502197,0.6452187299728394,0.3835380971431732,0.0568871833384037,0.09313341230154037,0.4811283349990845,0.2631382346153259,0.06966961920261383,0.1387631595134735,0.7113865613937378,0.4730052947998047,0.0901109129190445,0.15004442632198334,0.3143845498561859,1.6968934535980225,-1.182940125465393,0.21222221851348877,0.2778457999229431,0.06562357328005218,1.6301299193275016,1.8960325986267692,
gui_gref_e_mf_sol4_12,string,1139.0372314453125,2679.272705078125,185.6972198486328,435.3995666503906,0.2883143126964569,0.010186665691435337,0.0003825590538326651,0.033211849629879,0.010307428427040577,0.0010125682456418872,8.148075721692294e-06,0.0020457489881664515,23564138.0,5067451.0,850593.0,2855385.75,0.10888671875,0.03291645646095276,0.00244140625,0.015196685679256916,0.5487473011016846,0.3209695518016815,0.09024225175380707,0.09469220787286758,0.52585768699646,0.2719194293022156,0.07434100657701492,0.16068710386753082,0.5950304269790649,0.39938855171203613,0.09257876873016357,0.17901064455509186,0.37370237708091736,1.6543763875961304,-1.3350213766098022,0.19117914140224457,0.23741497099399567,0.04623582628889997,1.553027483556311,1.7274877285827053,
gui_gref_g_mf_sol2_12,string,406.7762145996094,952.1903076171875,301.7544250488281,69.791015625,0.14743897318840027,0.00553335715085268,9.69659595284611e-05,0.015697691589593887,0.01003427803516388,0.0016510839341208339,6.460469936797608e-09,0.0022508613765239716,28573714.0,2174536.75,267502.03125,2408293.5,0.48388671875,0.019657257944345474,0.00146484375,0.03171588480472565,0.6156169772148132,0.5069459676742554,0.03297610580921173,0.08558376133441925,0.5781748294830322,0.4874418377876282,0.05332767590880394,0.10662602633237839,0.7289077639579773,0.6291469931602478,0.09245097637176514,0.1081116572022438,0.334151953458786,1.9968934059143066,-0.9018704891204834,0.19315192103385925,0.31850340962409973,0.12535149296722217,1.5600981470463995,2.0821087516868713,
gui_gref_g_mf_sol3_12,string,557.1471557617188,2551.67236328125,333.0939636230469,387.7829284667969,0.3797338306903839,0.004987277556210756,4.0452778193866834e-05,0.027083124965429306,0.012579411268234253,0.001143885892815888,6.36178185686731e-08,0.002493633423000574,31514970.0,4378761.0,271733.78125,3573044.5,0.19921875,0.0297806765884161,0.00048828125,0.028181476518511772,0.7066220641136169,0.4376339316368103,0.03425455838441849,0.19333283603191376,0.6271762251853943,0.37218791246414185,0.046703703701496124,0.2032204121351242,0.802830696105957,0.5357715487480164,0.19636140763759613,0.09789945930242538,0.33462774753570557,1.7616779804229736,-1.3838905096054077,0.31907030940055847,0.3603854775428772,0.041315164891619294,2.0848283756851487,2.292901917752459,
harp_gref_mf_sol0_12,string,219.07859802246094,383.6106872558594,152.2220001220703,64.23307800292969,0.36820414662361145,0.0147426538169384,0.0007748669595457613,0.019216986373066902,0.01681736297905445,0.002199737820774317,3.615861714933999e-06,0.0025657478254288435,25141260.0,2061138.375,196080.921875,1877875.875,0.025390625,0.010292252525687218,0.00048828125,0.003619688330218196,0.6132250428199768,0.4815317988395691,0.20952458679676056,0.06427422165870667,0.4944521188735962,0.39375418424606323,0.11159828305244446,0.07898228615522385,0.7492992281913757,0.6275121569633484,0.0687192976474762,0.3468984365463257,0.24540860950946808,2.2377777099609375,-1.0099612474441528,0.03965986520051956,0.1373922973871231,0.0977324424756962,1.0956197823257123,1.3721206405331579,
harp_gref_mf_sol1_12,string,301.9622802734375,3474.55029296875,91.04251861572266,161.62962341308594,0.23865792155265808,0.002652403200045228,4.488798003876582e-05,0.010431719943881035,0.013062735088169575,0.0012140137841925025,2.0923666355088244e-08,0.002591424621641636,14618576.0,1963081.625,164871.859375,2166557.0,0.5,0.013883249834179878,0.00048828125,0.020730236545205116,0.7541720867156982,0.5155161619186401,0.05593804270029068,0.09095487743616104,0.5727576613426208,0.42989057302474976,0.06890786439180374,0.12282613664865494,0.8496831059455872,0.6489144563674927,0.10022105276584625,0.025783289223909378,0.15018218755722046,2.5442631244659424,-0.8358900547027588,0.0369160994887352,0.1828344613313675,0.14591836181140314,1.0887197453531268,1.523471946077696,
harp_gref_mf_sol2_12,string,224.892822265625,3793.29052734375,191.3672637939453,158.79727172851562,0.5020948648452759,0.004959236830472946,1.8561526303528808e-05,0.02831403724849224,0.029225634410977364,0.0012554505374282598,6.053112233672664e-09,0.004033688921481371,16282549.0,2517579.25,125321.0625,1740812.875,0.4990234375,0.010536455549299717,0.00048828125,0.021202877163887024,0.8250251412391663,0.5842225551605225,0.1444636434316635,0.09004565328359604,0.6253412961959839,0.458251953125,0.106139175593853,0.08337739109992981,0.9633229970932007,0.7054245471954346,0.09735512733459473,0.05380483716726303,0.1351402997970581,1.841927409172058,-1.316467046737671,0.04426303878426552,0.09251700341701508,0.048253959266056884,1.1072942349166228,1.2374196362110825,
harp_gref_mf_sol3_12,string,396.48583984375,603.0484619140625,384.08453369140625,18.862390518188477,0.25423604249954224,0.003943245392292738,0.0001430078555131331,0.015843871980905533,0.009812036529183388,0.0012162989005446434,1.5914090454316465e-06,0.0022070009727030993,8389915.0,2156783.25,226920.0625,1544840.25,0.0380859375,0.01695011928677559,0.005859375,0.002718825126066804,0.7487255930900574,0.5695005655288696,0.11473330110311508,0.10811740159988403,0.6447673439979553,0.5108357071876526,0.10671481490135193,0.10039521008729935,0.8359262347221375,0.677764892578125,0.1073535904288292,0.22089315950870514,0.2342008501291275,2.207573652267456,-1.212913990020752,0.03664398938417435,0.09789115935564041,0.0612471676848976,1.088037814390969,1.2528271585100597,
harp_gref_mf_sol4_12,string,846.8590087890625,2322.610107421875,272.2830810546875,280.7168273925781,1.0325192213058472,0.025409432128071785,0.0003887179773300886,0.08360053598880768,0.046021781861782074,0.0018739503575488925,4.436106337379897e-06,0.00606627156957984,14403475.0,5117094.5,509000.625,2814061.5,0.10546875,0.02650841325521469,0.0,0.01576300524175167,0.6685428023338318,0.4135077893733978,0.09423938393592834,0.11021707206964493,0.6252380013465881,0.3134489953517914,0.03611011803150177,0.196304589509964,0.6830485463142395,0.49236807227134705,0.10396555811166763,0.18675854802131653,0.20587606728076935,1.57315194606781,-1.4188708066940308,0.03104308433830738,0.06916099786758423,0.038117919917656756,1.0740959631274167,1.17262999215963,
harp_gref_mf_sol5_12,string,1276.2874755859375,3640.444580078125,125.48394012451172,577.41845703125,0.4626631736755371,0.021031806245446205,4.484260716708377e-05,0.05817052721977234,0.020476989448070526,0.0011123457225039601,3.037665123883926e-07,0.0027903567533940077,30313526.0,5007294.5,311531.78125,3938174.5,0.3359375,0.05275963246822357,0.0,0.051792651414871216,0.8768042922019958,0.4776587188243866,0.04108636453747749,0.14777450263500214,0.6708418130874634,0.3448250889778137,0.03449216112494469,0.18052546679973602,0.8933188319206238,0.5247249007225037,0.15230849385261536,0.007289314642548561,0.31520000100135803,1.54464852809906,-1.561294436454773,0.024580499157309532,0.052040815353393555,0.027460318084395623,1.0582310474615295,1.1273033960996612,
harp_gref_mf_sol6_12,string,1502.02880859375,3439.775146484375,141.9474334716797,1184.0858154296875,0.5457314252853394,0.017251886427402496,4.935185279464349e-05,0.05927269905805588,0.017198311164975166,0.0007052546134218574,2.2649239781458164e-06,0.0020102246198803186,18354296.0,7331430.0,854440.625,3576085.75,0.3125,0.07959935814142227,0.0,0.07205307483673096,0.7089800238609314,0.3804927468299866,0.0619007907807827,0.17658312618732452,0.5205382108688354,0.18634992837905884,0.031205227598547935,0.13919463753700256,0.7750600576400757,0.43568652868270874,0.18222635984420776,0.04378627613186836,0.33087772130966187,1.493945598602295,-1.767067313194275,0.02269841358065605,0.03979591652750969,0.017097502929038718,1.0536549543628206,1.0959630606356836,
others_101137__cgeffex__Organ_play-ball-old1,others,603.6181640625,1121.3309326171875,301.49212646484375,152.39918518066406,0.1362048238515854,0.030372731387615204,0.0002214925771113485,0.03241090103983879,0.00871084164828062,0.0038583686109632254,1.1776521205320023e-05,0.0028514175210148096,10275947.0,1745278.5,837958.75,1011483.125,0.0654296875,0.029074067249894142,0.01123046875,0.010019911453127861,0.4829603433609009,0.3867403566837311,0.13217990100383759,0.06609480828046799,0.42898285388946533,0.34792038798332214,0.1961473822593689,0.03770486265420914,0.5669867396354675,0.46853503584861755,0.06343382596969604,0.22215339541435242,0.5374953150749207,2.2235147953033447,0.05533846840262413,0.07342403382062912,1.2093197107315063,1.1358957337468174,1.184197210770972,16.192716438810326,
others_101137__cgeffex__Organ_play-ball,others,669.0390014648438,1060.4718017578125,427.7793884277344,147.8855743408203,0.10148805379867554,0.019144518300890923,0.001263900543563068,0.017070485278964043,0.007944384589791298,0.004010496195405722,4.744433317682706e-05,0.002869629766792059,23871764.0,2047257.0,1167222.75,2891935.75,0.0556640625,0.030372748151421547,0.01611328125,0.009003362618386745,0.48561590909957886,0.41380512714385986,0.16754268109798431,0.05250862240791321,0.42555567622184753,0.3630416989326477,0.2356516420841217,0.02699371613562107,0.565304160118103,0.4908355474472046,0.05362078174948692,0.22301946580410004,0.5244675874710083,1.277301549911499,-0.4504518508911133,0.03455782309174538,0.38900226354599,0.3544444244417315,1.08282387550445,2.4490760064133914,
others_158628__Hammond-tonewheel-organ,others,444.4453430175781,1347.5526123046875,195.7152099609375,234.14968872070312,0.24980613589286804,0.06756763160228729,0.01375358272343874,0.03890834003686905,0.011582848615944386,0.005236736498773098,9.283352119382471e-05,0.0020095992367714643,25668944.0,4204336.5,1867903.5,2951422.0,0.04248046875,0.018399678170681,0.00244140625,0.007701178081333637,0.5002795457839966,0.4126371741294861,0.15585245192050934,0.06039155274629593,0.38995006680488586,0.3177708387374878,0.13384133577346802,0.04596134275197983,0.618744969367981,0.5097585320472717,0.06591726839542389,0.25054091215133667,0.5817815065383911,1.2943763732910156,0.1179998591542244,0.011405895464122295,1.3236054182052612,1.3121994734605322,1.0266109577034053,21.067132086738372,
others_168578_wah-clavinet-funky,others,1470.962646484375,7569.04248046875,404.4837951660156,2242.796875,0.17565037310123444,0.08509719371795654,0.00011402245581848547,0.041336651891469955,0.0074298810213804245,0.005075441207736731,6.12628070939536e-07,0.002677603391930461,22660318.0,4024835.25,550777.125,7334159.5,0.57470703125,0.10914713889360428,0.01806640625,0.16797809302806854,0.4625979959964752,0.4089098870754242,0.31176677346229553,0.04493091255426407,0.4797959625720978,0.41860058903694153,0.14288146793842316,0.09847377240657806,0.5500577688217163,0.42318931221961975,0.1493600755929947,0.04161842167377472,0.5610859394073486,0.28999999165534973,-0.9122057557106018,0.004761904943734407,0.1271655261516571,0.12240361502248742,1.0110250238733416,1.3401873865025244,
others_196006__corsica-s__fender,others,300.1417541503906,493.7419738769531,281.52655029296875,33.44505310058594,0.16188880801200867,0.04285895824432373,0.014190423302352428,0.027416085824370384,0.007987523451447487,0.0047605098225176334,2.8466030926210806e-05,0.0021975834388285875,31404860.0,1766665.25,135072.734375,5301028.5,0.0146484375,0.012592516839504242,0.001953125,0.0024159804452210665,0.5665600299835205,0.504947304725647,0.2556733787059784,0.058734241873025894,0.5147508382797241,0.466463178396225,0.21600238978862762,0.053096260875463486,0.7243196964263916,0.6561067700386047,0.06609155237674713,0.3815588653087616,0.5039446353912354,0.8249433040618896,-0.8654918670654297,0.009591836482286453,0.14589568972587585,0.1363038531283223,1.02233172135472,1.3992512054621662,
others_208055__ueffects__deep-noise,others,1487.57666015625,1793.41259765625,1209.404052734375,161.16273498535156,0.43275585770606995,0.13122127950191498,0.09376391768455505,0.049628421664237976,0.015985773876309395,0.01301166694611311,0.004899901803582907,0.0017284553032368422,9706046.0,4919853.5,4413852.0,751952.1875,0.02734375,0.013694069348275661,0.0029296875,0.0048827617429196835,0.16105976700782776,0.13808105885982513,0.04273269698023796,0.018666928634047508,0.10788752138614655,0.08866563439369202,0.07878083735704422,0.005978740751743317,0.2658575773239136,0.23752203583717346,0.022950459271669388,0.11147565394639969,0.512475311756134,0.9801813960075378,-1.2574049234390259,0.013219954445958138,0.06850340217351913,0.055283442224423246,1.0309081059131286,1.17085577452729,
others_25483__raggaman__rhodes-loop-01-116,others,337.3802490234375,347.88336181640625,328.9283447265625,6.4562883377075195,0.20130877196788788,0.05217411741614342,0.0025473369751125574,0.07254865020513535,0.007667092606425285,0.00645048962906003,0.000968156207818538,0.0020209273789077997,11076211.0,2592856.75,893685.1875,2838048.0,0.015625,0.011008522473275661,0.00341796875,0.0029323764611035585,0.39405137300491333,0.3232138454914093,0.19890835881233215,0.0611654594540596,0.3800348937511444,0.3188813626766205,0.20724985003471375,0.06109512969851494,0.48325812816619873,0.4252856373786926,0.050404589623212814,0.3074217438697815,0.5758507251739502,0.20047618448734283,-0.9422666430473328,0.009160997346043587,0.123378686606884,0.11421768590786291,1.0213180264350297,1.32855239488974,
per_102802__mhc__acoustic-tom6,percussive,184.85227966308594,1203.326416015625,120.00112915039062,152.49234008789062,0.5947514176368713,0.053919270634651184,0.0018340061651542783,0.12196233123540878,0.025530582293868065,0.0035916240885853767,7.053855597405345e-07,0.00441276840865612,17326196.0,2272468.25,1171291.5,2393062.0,0.16357421875,0.011972280219197273,0.00439453125,0.030186908319592476,0.531294584274292,0.4277539551258087,0.034835439175367355,0.10532905906438828,0.3635430932044983,0.29250022768974304,0.061267513781785965,0.0700203999876976,0.6883817911148071,0.5616790652275085,0.1295955330133438,0.10159143060445786,0.4505804479122162,1.1573243141174316,-1.6820693016052246,0.007868480868637562,0.02866213209927082,0.020793648504672885,1.0182829706605419,1.0682235104665865,
per_117005__cbeeching__soft-cymbal,percussive,1868.9576416015625,4698.61767578125,373.0477294921875,1367.662109375,0.901867151260376,0.06143270432949066,0.012531471438705921,0.07463158667087555,0.03363630175590515,0.0029819183982908726,4.409717439557426e-05,0.0028306320309638977,30040834.0,6989653.5,4831100.0,2042283.0,0.46044921875,0.07838620990514755,0.0,0.08872315287590027,0.3851582109928131,0.19397462904453278,0.05872375890612602,0.08046440780162811,0.20025181770324707,0.11531664431095123,0.044509902596473694,0.028876138851046562,0.47072598338127136,0.26315951347351074,0.11349712312221527,0.03106515482068062,0.29362526535987854,1.628866195678711,-1.870652198791504,0.01224489789456129,0.025714285671710968,0.013469386070868908,1.028596158184706,1.0609973169814206,
per_132585__rob10__kick-drum-e,percussive,53.39421463012695,176.28025817871094,35.37024688720703,32.5531120300293,0.5005353093147278,0.10807748883962631,0.004844201263040304,0.15934112668037415,0.018137311562895775,0.006187413819134235,8.287475066026673e-05,0.005868677049875259,14816377.0,2413554.25,242226.484375,3394848.25,0.00830078125,0.0026726974174380302,0.00146484375,0.0017737908056005836,1.0,0.8344562649726868,0.42605486512184143,0.14594228565692902,0.537962794303894,0.45621374249458313,0.22022239863872528,0.07650262862443924,1.0,0.9426328539848328,0.11564210057258606,0.5792538523674011,0.4985351860523224,0.4066893458366394,-1.5688916444778442,0.002539682434871793,0.029523810371756554,0.02698412596498413,1.0058649668807618,1.0703450634065808,
per_139501__robertmcdonald__big-hit-1,percussive,1369.61474609375,3834.817626953125,184.69700622558594,1223.2752685546875,0.3563964366912842,0.050985921174287796,0.003720358479768038,0.06887184828519821,0.012943106703460217,0.002296590944752097,0.00020587116887327284,0.0027254028245806694,18058522.0,5357838.5,1506044.625,3097874.75,0.24853515625,0.08083274215459824,0.0048828125,0.07893591374158859,0.36582785844802856,0.18159721791744232,0.032222673296928406,0.10070127248764038,0.2529218792915344,0.12972372770309448,0.061045363545417786,0.06731367856264114,0.5377567410469055,0.2967069149017334,0.13579075038433075,0.07913008332252502,0.4662628173828125,0.9795238375663757,-1.542004942893982,0.013582766056060791,0.04229024797677994,0.028707479086109062,1.031769691128147,1.1022757370823175,
per_173838__rocknessmonster89__tom-high,percussive,155.10714721679688,3010.544677734375,97.41947937011719,357.021240234375,0.592515230178833,0.02401674911379814,0.0002797513152472675,0.0803491622209549,0.021135510876774788,0.0027080432046204805,1.2189077551738592e-06,0.003989180084317923,33587264.0,3632203.5,554697.1875,4558568.0,0.03466796875,0.005689538083970547,0.00048828125,0.004917946178466082,0.8220784664154053,0.6642432808876038,0.08106686174869537,0.131643146276474,0.5590983033180237,0.4431871771812439,0.08729241043329239,0.09087592363357544,0.9776270985603333,0.802401065826416,0.1510125696659088,0.11277925968170166,0.43175646662712097,1.5392743349075317,-1.6183140277862549,0.012675737030804157,0.036757368594408035,0.024081635144770325,1.0296170769122492,1.088321900367794,
per_183109__dwsd__prc-phat909roomtom,percussive,223.7541046142578,837.737060546875,130.0768585205078,159.8628387451172,0.36613571643829346,0.07783352583646774,0.005270285531878471,0.09491289407014847,0.01424514688551426,0.004559733904898167,2.944969128293451e-05,0.004369162488728762,12205680.0,3167750.0,1692904.625,2481326.0,0.015625,0.005227481480687857,0.00244140625,0.003983625210821629,0.4826619327068329,0.3780253529548645,0.09080874174833298,0.10772089660167694,0.27844861149787903,0.21298599243164062,0.10265321284532547,0.04627025127410889,0.6365698575973511,0.5204693675041199,0.12318513542413712,0.17583917081356049,0.5126875638961792,0.3496145009994507,-1.504874348640442,0.007414965890347958,0.03868480771780014,0.031269839444715425,1.0172201767266162,1.0931627077628856,
per_212208__alexthegr81__tapesnare-15,percussive,2198.88427734375,4211.5205078125,612.7584228515625,1187.5899658203125,0.2311117798089981,0.05382850021123886,0.0009682573145255446,0.06520258635282516,0.008098779246211052,0.002264288254082203,1.7026621208060533e-05,0.002582767978310585,10302438.0,5327501.0,3067425.5,1939209.875,0.24560546875,0.10906982421875,0.03662109375,0.07270592451095581,0.18695403635501862,0.13615651428699493,0.04420189931988716,0.03622165694832802,0.25637736916542053,0.19184942543506622,0.12362015247344971,0.04828665032982826,0.2541801929473877,0.14270749688148499,0.06409136950969696,0.05817936733365059,0.5100871920585632,0.3321315050125122,-1.6034408807754517,0.00736961467191577,0.032290250062942505,0.024920635854174835,1.017113959015461,1.0771848832076714,
per_34828__zin__hi-snare-1,percussive,1128.866943359375,1360.102294921875,338.8099060058594,170.99581909179688,0.5067897439002991,0.025316646322607994,0.00027973734540864825,0.08760492503643036,0.015829451382160187,0.0015785840805619955,5.165601760381833e-05,0.0029804196674376726,9175476.0,3158990.5,1201759.375,1474027.0,0.0498046875,0.0230887271463871,0.0,0.020546237006783485,0.45499923825263977,0.35767123103141785,0.1620621383190155,0.07442696392536163,0.4611116051673889,0.3264729976654053,0.07206619530916214,0.09837475419044495,0.44289547204971313,0.3739902079105377,0.05995966121554375,0.20295852422714233,0.4294265806674957,1.4215645790100098,-1.9578022956848145,0.004897959064692259,0.015918366611003876,0.01102040878548935,1.0113418035587574,1.037333412186516,
per_39663__markgia__cymbal-swish-long,percussive,1293.2987060546875,3205.5244140625,340.6458435058594,879.7578735351562,0.18134640157222748,0.021000118926167488,0.0007892309222370386,0.03311002999544144,0.008964408189058304,0.0011155521497130394,1.3113175555190537e-05,0.0016699554398655891,23180028.0,2318212.75,842552.5625,1196028.375,0.1591796875,0.0540413036942482,0.00439453125,0.03569530323147774,0.40061482787132263,0.1963074952363968,0.06230328232049942,0.08194282650947571,0.43889766931533813,0.2553839683532715,0.14994581043720245,0.062120988965034485,0.5206798315048218,0.27322882413864136,0.11905905604362488,0.06849310547113419,0.34239456057548523,2.9527437686920166,0.16284607350826263,1.5475736856460571,3.002516984939575,1.4549433153071112,35.283664644178614,1005.812398819874,
per_41439__sandyrb__srbm-tom-003,percussive,157.1007537841797,1900.983154296875,59.15721893310547,281.9413757324219,1.0959837436676025,0.055885035544633865,0.002602727385237813,0.17895570397377014,0.03423278033733368,0.008154605515301228,0.00025963166262954473,0.007365334313362837,27548156.0,2991217.75,1295001.0,3417032.25,0.01318359375,0.0035124747082591057,0.001953125,0.0019409561064094305,0.7929673790931702,0.573442280292511,0.08734932541847229,0.13648423552513123,0.4649193584918976,0.3116053640842438,0.06744372844696045,0.07992035150527954,0.9672163724899292,0.7284219264984131,0.15868528187274933,0.1808122992515564,0.43919655680656433,1.4076417684555054,-2.0305967330932617,0.0014058956876397133,0.010725623928010464,0.00931972863147606,1.0032424398251958,1.0250041504172116,
per_56436__surfjira__kick-feltbeater-medium,percussive,164.2129364013672,318.894775390625,104.16267395019531,72.6328125,0.5431398749351501,0.24092493951320648,0.016034554690122604,0.20510493218898773,0.017964834347367287,0.006963749881833792,0.0003530318499542773,0.007533771451562643,16839964.0,5756970.5,2203481.25,5035289.5,0.01416015625,0.007080078125,0.0029296875,0.0038524740375578403,0.516668975353241,0.45050671696662903,0.3332476317882538,0.05669742077589035,0.2818647027015686,0.20862261950969696,0.16630417108535767,0.03924741595983505,0.6500368118286133,0.5847663879394531,0.06132955849170685,0.4553664028644562,0.5361434817314148,0.10337868332862854,-2.165872097015381,0.005873016081750393,0.012698412872850895,0.006825396776026629,1.013614970228391,1.0296708377697057,
per_56454__surfjira__snare-rimshot-hard3,percussive,1858.3134765625,2652.955810546875,712.8687744140625,578.3365478515625,0.2809467017650604,0.049190182238817215,0.0012572068953886628,0.08330176770687103,0.008775300346314907,0.001451860531233251,2.2797402721153048e-07,0.0025736181996762753,23987730.0,6128051.5,3916262.25,5074116.5,0.11474609375,0.0782296285033226,0.001953125,0.03532065078616142,0.1729602962732315,0.11372356116771698,0.047868650406599045,0.03108225204050541,0.17868970334529877,0.16214464604854584,0.11402084678411484,0.015721574425697327,0.22724995017051697,0.13009962439537048,0.043432433158159256,0.0821266621351242,0.49718156456947327,0.27659863233566284,-1.939430594444275,0.001836734707467258,0.013333333656191826,0.011496599584243839,1.0042381938050677,1.0311772753596418,
per_56461__surfjira__tom1-medium,percussive,154.87570190429688,397.90216064453125,124.21793365478516,53.770790100097656,0.23477716743946075,0.021189704537391663,0.0005458542727865279,0.048437707126140594,0.011385335586965084,0.0024190146941691637,2.607478563732002e-05,0.0029586588498204947,28063782.0,1968812.25,210182.359375,4358628.5,0.01708984375,0.0067382813431322575,0.00341796875,0.0028704956639558077,0.7084027528762817,0.5880556106567383,0.16512079536914825,0.10720201581716537,0.5240294337272644,0.4302240312099457,0.10202346742153168,0.08194273710250854,0.8905471563339233,0.7442901730537415,0.12395889312028885,0.28543564677238464,0.4659613370895386,0.8858050107955933,-1.601863145828247,0.003378684865310788,0.02839002199470997,0.025011333906204053,1.0078100499732336,1.0675544175348184,
per_56471__surfjira__tom2-medium,percussive,100.043212890625,531.9287109375,81.17906951904297,45.5729866027832,0.6314831376075745,0.02438749000430107,0.0006143448990769684,0.0891638845205307,0.028627539053559303,0.0047720326110720634,4.101272497791797e-05,0.005769812036305666,6504141.0,1643097.625,246198.234375,916371.8125,0.0068359375,0.004317434038966894,0.001953125,0.0005982959410175681,0.8336703181266785,0.6947811841964722,0.10760707408189774,0.10690445452928543,0.5518854856491089,0.45739269256591797,0.07541523873806,0.07502646744251251,1.0,0.8468717336654663,0.1191626563668251,0.22181040048599243,0.4039880037307739,1.7231972217559814,-1.6576669216156006,0.0033560090232640505,0.025351474061608315,0.02199546148897565,1.0077574305045138,1.0601113250693246,
per_86334__zgump__tom-0104,percussive,197.09840393066406,1903.086181640625,62.65022659301758,335.87200927734375,0.37089070677757263,0.07265686243772507,0.0020046811550855637,0.10117907077074051,0.015951965004205704,0.003963890485465527,0.00010978990030707791,0.00429656682536006,13426815.0,2403646.75,861264.5625,2353698.25,0.0224609375,0.005161830224096775,0.00244140625,0.004614614881575108,0.6687687039375305,0.5125721096992493,0.08441658318042755,0.1417420655488968,0.3827957510948181,0.2869201600551605,0.0980461984872818,0.08323583751916885,0.8567175269126892,0.6678224205970764,0.17285926640033722,0.14693765342235565,0.48967376351356506,0.6079818606376648,-1.327629804611206,0.005623582750558853,0.05265305936336517,0.04702948201033252,1.01303297626391,1.1288937259358325,
per_snare,percussive,1180.568603515625,2547.3955078125,348.36456298828125,618.3244018554688,0.21797607839107513,0.046598538756370544,0.0015222233487293124,0.060548651963472366,0.006808429025113583,0.0018382727866992354,7.011975867499132e-06,0.0022422587499022484,30103516.0,8112974.0,4396097.0,6007369.5,0.17138671875,0.0784505233168602,0.00439453125,0.04742169380187988,0.1750461757183075,0.10641901940107346,0.05024344101548195,0.034693192690610886,0.15928694605827332,0.11140917986631393,0.08868520706892014,0.02190772257745266,0.2893713116645813,0.17681922018527985,0.05729600414633751,0.07592759281396866,0.5001509785652161,0.3064625859260559,-1.9259369373321533,0.004058957099914551,0.015918366611003876,0.011859409427798463,1.0093899052301796,1.037333412186516,
sax_gref_mf_sol2_12,wind,567.473388671875,1730.7430419921875,190.8492431640625,138.92660522460938,0.04727913439273834,0.004263609182089567,0.0004173156339675188,0.003905406454578042,0.007371698971837759,0.00504210963845253,2.781710463750642e-06,0.002724958583712578,27793144.0,2488812.5,698055.3125,2899574.0,0.037109375,0.02083565853536129,0.0,0.0075690182857215405,0.5519834756851196,0.36392563581466675,0.14720673859119415,0.04509736970067024,0.46191951632499695,0.3565860092639923,0.03953981027007103,0.12239880114793777,0.5964460968971252,0.4446139335632324,0.03934326395392418,0.2510598301887512,0.4586607813835144,8.340770721435547,-0.2473854422569275,0.27018141746520996,0.8359183669090271,0.5657369669130324,1.8628651472290891,6.853593893013041,
sax_gref_mf_sol3_12,wind,497.7762451171875,1995.402099609375,305.2944030761719,170.05947875976562,0.038484927266836166,0.0037896030116826296,0.00040594697929918766,0.0033699884079396725,0.007393925450742245,0.004677927121520042,1.984106347663328e-05,0.002596326870843768,22041452.0,2685472.5,670232.5625,2845604.75,0.03662109375,0.021337540820240974,0.00048828125,0.010041705332696438,0.6140161156654358,0.4875671863555908,0.2003156840801239,0.05867358669638634,0.5471116900444031,0.38525718450546265,0.03623911365866661,0.1484438180923462,0.7023255825042725,0.5557249784469604,0.05668516457080841,0.2971467673778534,0.4893858730792999,8.335556030273438,-0.3482782244682312,0.6263038516044617,1.0747618675231934,0.44845799976602374,4.229644353721835,11.878507261815178,
sax_gref_mf_sol4_12,wind,1441.7401123046875,2478.457763671875,220.9674835205078,297.6367492675781,0.09429585188627243,0.012833756394684315,0.0009770954493433237,0.009920543991029263,0.007092403247952461,0.004530906677246094,2.650915121193975e-06,0.002027459442615509,23999994.0,3242497.5,1100363.5,2370888.75,0.107421875,0.03957224264740944,0.0,0.022724542766809464,0.6819459795951843,0.41814419627189636,0.14207135140895844,0.05724123865365982,0.5405897498130798,0.3681544363498688,0.04284442961215973,0.12102150917053223,0.6934206485748291,0.45129039883613586,0.06047775223851204,0.2530287206172943,0.4824519157409668,9.440340042114258,-0.2241031974554062,0.33090701699256897,0.9278004765510559,0.5968934353623782,2.1424318545957233,8.46838270556821,
tbtb_gref_mf_sol1_12,wind,584.6195068359375,1158.111328125,375.54876708984375,87.44095611572266,0.07306676357984543,0.009113345295190811,0.00020255794515833259,0.008721214719116688,0.007836082018911839,0.005228158552199602,7.505350367864594e-06,0.002861303510144353,14916391.0,1623189.875,275575.96875,2609754.75,0.03662109375,0.01962312124669552,0.00048828125,0.005552308168262243,0.46821290254592896,0.37165752053260803,0.1358530968427658,0.05093010142445564,0.4671432375907898,0.39135104417800903,0.03265614062547684,0.13204167783260345,0.5619444251060486,0.47635340690612793,0.05702027305960655,0.23755039274692535,0.4897729754447937,5.947845935821533,-0.3182256519794464,0.38873016834259033,0.86931973695755,0.4805895774482707,2.4475420861037978,7.401499888922359,
tbtb_gref_mf_sol2_12,wind,490.9947814941406,1288.32421875,269.73406982421875,143.27816772460938,0.06492509692907333,0.004001173656433821,0.00017191476945299655,0.00613748375326395,0.0077614374458789825,0.00520451320335269,1.6301833056786563e-06,0.0029185411985963583,16803590.0,1966317.875,279464.875,2822285.25,0.02783203125,0.00955477636307478,0.0,0.0039012497290968895,0.5117782950401306,0.4361734688282013,0.11727883666753769,0.06166253238916397,0.49210086464881897,0.3936407268047333,0.03703717887401581,0.14425528049468994,0.6448883414268494,0.5365965366363525,0.06534443795681,0.1902029812335968,0.5039244294166565,6.316190242767334,-0.17825329303741455,0.5058503150939941,1.1692063808441162,0.6633560692120463,3.2051644349775756,14.764079696249139,
tbtb_gref_mf_sol3_12,wind,658.8391723632812,11329.828125,435.0603332519531,622.9900512695312,0.06612269580364227,0.003112219972535968,5.4637628636555746e-05,0.006809545680880547,0.007625936064869165,0.004935436882078648,2.0119620103287161e-07,0.0030331837479025126,40815008.0,2142815.0,298160.5,3484936.0,0.04736328125,0.016799086704850197,0.0,0.006572875659912825,0.6170694828033447,0.5148383378982544,0.11382634937763214,0.09081094712018967,0.5566937923431396,0.4404541850090027,0.037091679871082306,0.16388675570487976,0.686840832233429,0.5721227526664734,0.08680016547441483,0.2238137423992157,0.47816452383995056,6.255260944366455,-0.5012676119804382,0.32108843326568604,0.6363945603370667,0.31530611104120165,2.0945389131667667,4.3290695218514275,
trpu_gref_mf_sol2_12,wind,1103.956787109375,1707.8553466796875,606.6099853515625,140.36448669433594,0.10330839455127716,0.010232975706458092,0.0003418959677219391,0.009737063199281693,0.008039605803787708,0.005324775353074074,1.2144903848820832e-05,0.0027012622449547052,18275338.0,1989602.625,655696.1875,2662034.0,0.072265625,0.04024708643555641,0.0078125,0.009560378268361092,0.3603883385658264,0.2994527518749237,0.09105587005615234,0.04858658090233803,0.4287566840648651,0.35784852504730225,0.03186639025807381,0.11323249340057373,0.434114933013916,0.3585599958896637,0.0369778648018837,0.1847493201494217,0.4759753346443176,7.16145133972168,-0.30223309993743896,0.1538548767566681,0.652471661567688,0.4986167918181127,1.425131294124911,4.492330105179257,
trpu_gref_mf_sol3_12,wind,1217.00146484375,2193.60498046875,719.1414184570312,181.07925415039062,0.06141318753361702,0.005201103165745735,0.00011721248301910236,0.004998399876058102,0.007843664847314358,0.005088773090392351,2.6043783236673335e-06,0.0029455001931637526,11632528.0,2236052.5,620280.3125,2755115.5,0.06689453125,0.04821699485182762,0.001953125,0.00976185966283083,0.5024901032447815,0.41644424200057983,0.12018048763275146,0.11107667535543442,0.5128161311149597,0.41826727986335754,0.024659423157572746,0.14613819122314453,0.525114893913269,0.43112561106681824,0.07674270123243332,0.1890752762556076,0.47025713324546814,6.171065807342529,0.06143367663025856,0.1780952364206314,1.3300453424453735,1.1519501260955136,1.5069374862212963,21.381853147422355,
trpu_gref_mf_sol4_12,wind,1322.4781494140625,2809.28271484375,470.61279296875,285.7031555175781,0.07449619472026825,0.0070287976413965225,9.772915655048564e-05,0.007193203549832106,0.007387799676507711,0.004696602933108807,8.242833473559585e-07,0.0026623099111020565,17291714.0,2686885.25,876099.875,2650734.75,0.0732421875,0.0443551205098629,0.00048828125,0.015366247855126858,0.5997124910354614,0.4677720367908478,0.0825190544128418,0.11370028555393219,0.6057401299476624,0.4715903699398041,0.024013638496398926,0.15701493620872498,0.6174564361572266,0.49286869168281555,0.09018750488758087,0.16549913585186005,0.4889596402645111,6.683084011077881,0.4860045611858368,0.2738775610923767,3.3358731269836426,3.0619955921872015,1.878787063202971,2167.070933085658,
tubb_gref_mf_sol0_12,wind,299.0665588378906,1285.5428466796875,210.895263671875,151.48800659179688,0.13982222974300385,0.03933728486299515,0.002185589401051402,0.02404143661260605,0.011647576466202736,0.0057374257594347,2.1245008611003868e-05,0.0032336837612092495,14334437.0,2064153.5,333358.9375,2918263.25,0.029296875,0.009847985580563545,0.0,0.0035610543563961983,0.5036711096763611,0.443554162979126,0.16578309237957,0.06083256006240845,0.47798651456832886,0.3512791395187378,0.04053522273898125,0.12816959619522095,0.6692617535591125,0.5860474109649658,0.07834108918905258,0.2864711880683899,0.49425008893013,3.682539701461792,-0.16013875603675842,0.1083446741104126,0.7999546527862549,0.691609967903556,1.283348697338418,6.308914659921455,
tubb_gref_mf_sol1_12,wind,421.14642333984375,2297.884033203125,184.595458984375,267.4010314941406,0.06221999600529671,0.01316259615123272,0.000578861276153475,0.009364120662212372,0.007773822173476219,0.0048707933165133,1.0666218486221624e-06,0.0029144231230020523,11368546.0,1833495.375,264210.78125,2570964.75,0.0302734375,0.013071529567241669,0.00048828125,0.0036099052522331476,0.5257591009140015,0.4508642852306366,0.09434463083744049,0.07758919894695282,0.5060992240905762,0.40728506445884705,0.035020459443330765,0.143792524933815,0.6745297312736511,0.5796410441398621,0.09454349428415298,0.1986057162284851,0.4922117590904236,4.033650875091553,0.008716026321053505,0.10199546813964844,1.1222676038742065,1.0202721365770788,1.264723150023699,13.251578203414489,
vcl_gref_a_mf_sol3_12,string,991.31787109375,1577.7119140625,401.146728515625,285.7481689453125,0.06110641360282898,0.025093914940953255,0.0004549300647340715,0.013391110114753246,0.008025150746107101,0.004356878809630871,5.8536948927212507e-05,0.0022101947106420994,8538198.0,3041060.75,1297049.125,1352372.875,0.08642578125,0.04689372703433037,0.0009765625,0.018124423921108246,0.40685686469078064,0.27587416768074036,0.1651218682527542,0.033067114651203156,0.39391082525253296,0.2901511490345001,0.04815126955509186,0.042046643793582916,0.4881134629249573,0.32174262404441833,0.05408201739192009,0.2333308756351471,0.497270792722702,7.71113395690918,-0.10562614351511002,0.2149433046579361,0.9990476369857788,0.7841043378546491,1.6403756149929878,9.978095057621283,
vcl_gref_a_mf_sol4_12,string,1777.7314453125,2405.817138671875,239.02023315429688,344.97467041015625,0.14147987961769104,0.05618434026837349,0.0024204454384744167,0.029239337891340256,0.008075810968875885,0.004347171168774366,9.129410318564624e-05,0.0019218932138755918,19995830.0,3220713.75,1842531.25,1390415.125,0.10693359375,0.06736151874065399,0.0029296875,0.021752241998910904,0.4613553583621979,0.25813791155815125,0.10882894694805145,0.03694875165820122,0.358826607465744,0.2965088188648224,0.0678315982222557,0.05310871824622154,0.5557846426963806,0.2901037633419037,0.051835253834724426,0.17030039429664612,0.49367135763168335,7.176576137542725,0.025575168430805206,0.20988662540912628,1.270544171333313,1.0606575028984986,1.6213867715611474,18.644217956943653,
vcl_gref_c_mf_sol1_12,string,267.8053283691406,1481.1845703125,110.81060791015625,130.65277099609375,0.043564531952142715,0.017956899479031563,0.0005003544501960278,0.009504575282335281,0.01110162865370512,0.006012967322021723,5.127289114170708e-05,0.0032214249949902296,17984744.0,2218561.25,714619.375,2159731.0,0.02978515625,0.01170395314693451,0.00244140625,0.004394507501274347,0.47323936223983765,0.3406122028827667,0.17972181737422943,0.04579717665910721,0.3466391861438751,0.25445273518562317,0.05010949820280075,0.05444519221782684,0.6256373524665833,0.4685986042022705,0.05305841192603111,0.2924700081348419,0.45353832840919495,6.552312850952148,-0.0812780112028122,0.19476190209388733,1.0240815877914429,0.8293197131440961,1.56589234883601,10.57016064594217,
vcl_gref_c_mf_sol2_12,string,478.4447326660156,828.6929321289062,178.28395080566406,107.65325927734375,0.068585604429245,0.02764878422021866,0.0007814296404831111,0.014818954281508923,0.009899042546749115,0.004815296269953251,3.05778048641514e-05,0.0026318442542105913,15751906.0,2337691.0,1013547.5625,1898699.625,0.0478515625,0.019805163145065308,0.0009765625,0.007796308491379023,0.4835052192211151,0.28580817580223083,0.20858453214168549,0.033845920115709305,0.3536819815635681,0.2883700728416443,0.05349928140640259,0.04784214124083519,0.6074492931365967,0.38708773255348206,0.03760145977139473,0.3012423515319824,0.46292760968208313,7.174807071685791,0.1934085637331009,0.24467119574546814,1.8056915998458862,1.5610203464812293,1.7565931940799457,63.928070977862326,
vcl_gref_d_mf_sol2_12,string,511.42034912109375,1073.2838134765625,276.0448913574219,99.03398895263672,0.06986666470766068,0.025535600259900093,0.0006778373499400914,0.013169328682124615,0.00969213992357254,0.004866470117121935,4.188618186162785e-05,0.002175313653424382,21793624.0,2206656.5,1132623.875,1563709.25,0.0419921875,0.02118539623916149,0.005859375,0.006181615870445967,0.3671698570251465,0.2579650282859802,0.12471522390842438,0.02638823166489601,0.3363569676876068,0.2559153139591217,0.047382403165102005,0.04422600567340851,0.4773794114589691,0.34954312443733215,0.02804289199411869,0.21310678124427795,0.4616229832172394,6.957868576049805,-0.4471028745174408,0.1804308444261551,0.5376190543174744,0.3571882183384893,1.5150635309339853,3.4484112584489766,
vcl_gref_d_mf_sol3_12,string,965.831787109375,3175.19287109375,457.15875244140625,364.8468933105469,0.1162199154496193,0.03863430395722389,0.0018412253120914102,0.022980468347668648,0.009176226332783699,0.003915636800229549,1.957307631528238e-06,0.0019258272368460894,7483624.5,2165538.25,1304908.375,588037.375,0.15771484375,0.043624162673950195,0.00341796875,0.016973553225398064,0.3494097888469696,0.2733203172683716,0.041065316647291183,0.04557941108942032,0.37974485754966736,0.31604745984077454,0.10432863980531693,0.04121606424450874,0.43860286474227905,0.32450416684150696,0.046242039650678635,0.06848137080669403,0.4359751343727112,5.254603385925293,-0.2644626498222351,0.22748298943042755,0.7714058756828308,0.5439229081465191,1.6884297252967193,5.907529182628085,
vcl_gref_g_mf_sol1_12,string,281.9439392089844,1267.962158203125,107.22162628173828,158.8978729248047,0.055049825459718704,0.010567995719611645,0.0009267042041756213,0.00636582775041461,0.012631287798285484,0.005077787209302187,7.448506221408024e-05,0.0039872219786047935,19101754.0,3280182.25,691976.4375,2749093.75,0.0458984375,0.013075494207441807,0.0,0.0072531746700406075,0.6136093735694885,0.3678903579711914,0.1711750030517578,0.09852896630764008,0.36640962958335876,0.25359341502189636,0.042100824415683746,0.06741107255220413,0.7323036193847656,0.4972468912601471,0.1050441563129425,0.26882970333099365,0.3771161735057831,7.271111011505127,0.01293285470455885,0.37689343094825745,1.4071202278137207,1.0302268270696757,2.3817349572576823,25.534080769687638,
vcl_gref_g_mf_sol2_12,string,483.58233642578125,1234.2872314453125,259.35101318359375,111.8804931640625,0.0481000579893589,0.024129381403326988,0.0013871281407773495,0.009336178191006184,0.009082210250198841,0.005236482713371515,2.7148368531015876e-07,0.0021366779692471027,15872355.0,1951775.75,1248274.125,1174063.125,0.04541015625,0.025796817615628242,0.001953125,0.008302666246891022,0.3603881895542145,0.27519506216049194,0.05986868590116501,0.029441772028803825,0.326362669467926,0.27719566226005554,0.053287308663129807,0.0424221009016037,0.4847460687160492,0.3712674677371979,0.03045538067817688,0.1374252885580063,0.4691293239593506,7.463787078857422,-0.009216262958943844,0.15947845578193665,1.13848078250885,0.9790023562103506,1.4437049840703868,13.755639403498751,
vln_gref_a_mf_sol4_12,string,2273.94140625,3348.177734375,364.2672424316406,784.0198364257812,0.07050327211618423,0.023144854232668877,0.002540163928642869,0.010469288565218449,0.006852035876363516,0.0033611534163355827,4.382499696475861e-07,0.0017374504823237658,23068206.0,3782427.25,2374480.5,2022665.125,0.1328125,0.07485339790582657,0.00048828125,0.02916182205080986,0.4148854911327362,0.23908761143684387,0.060409437865018845,0.039833225309848785,0.34231358766555786,0.2635250985622406,0.041944969445466995,0.08374928683042526,0.4813256859779358,0.26121461391448975,0.06243317574262619,0.15428391098976135,0.4741617441177368,7.553083896636963,0.3270089030265808,0.5841042995452881,2.7073922157287598,2.123287988907492,3.8379940714505882,509.79106067580443,
vln_gref_a_mf_sol5_12,string,2702.65673828125,3624.02099609375,250.72520446777344,1000.1871337890625,0.06626268476247787,0.025021668523550034,0.0015633906004950404,0.014497606083750725,0.0048157633282244205,0.0026975369546562433,1.683137043073657e-06,0.001507371198385954,19831180.0,3842742.25,2261586.5,1977805.5,0.166015625,0.10810219496488571,0.0,0.0509699210524559,0.42443224787712097,0.25911131501197815,0.08534885197877884,0.04488816857337952,0.376473605632782,0.2804962992668152,0.04430513083934784,0.093434177339077,0.5339677333831787,0.28858211636543274,0.07448512315750122,0.1901247650384903,0.4807131588459015,5.82190465927124,0.024906184524297714,0.4804081618785858,1.5394331216812134,1.0590249318960117,3.0227912880909784,34.62845550978204,
vln_gref_d_mf_sol3_12,string,1734.5439453125,2252.536376953125,351.8846740722656,469.5640869140625,0.06532642245292664,0.023824255913496017,0.0023313784040510654,0.011309364810585976,0.006670151371508837,0.0035916785709559917,4.999368684366345e-06,0.0018075553234666586,18795532.0,3135234.75,2012186.125,1927783.75,0.10205078125,0.05817614123225212,0.0,0.01968332566320896,0.4602552056312561,0.21942907571792603,0.11043600738048553,0.039730992168188095,0.3341083526611328,0.26617667078971863,0.04113447293639183,0.0792529284954071,0.5184940695762634,0.24292553961277008,0.06068414822220802,0.17671319842338562,0.48094332218170166,7.344308376312256,-0.027385791763663292,0.4715646207332611,1.4104535579681396,0.9388889077533138,2.96186064188393,25.73081592781196,
vln_gref_d_mf_sol4_12,string,1672.405029296875,2938.013916015625,386.5017395019531,511.4186706542969,0.10186446458101273,0.037837520241737366,0.004014492500573397,0.01862349547445774,0.008460952900350094,0.004037212114781141,0.00020658627909142524,0.0020431261509656906,18170234.0,3688683.75,2400924.0,1928574.75,0.09912109375,0.05550084635615349,0.00048828125,0.02240426279604435,0.4408363997936249,0.25059425830841064,0.130220428109169,0.04408523812890053,0.3754366934299469,0.28124135732650757,0.03177500143647194,0.08750171214342117,0.543848991394043,0.2829417884349823,0.06408312916755676,0.16052506864070892,0.47752460837364197,6.717891216278076,0.28293174505233765,0.364376425743103,2.2827436923980713,1.9183672209652114,2.314069646392427,191.75367338890356,
vln_gref_e_mf_sol4_12,string,2583.520751953125,3614.90234375,317.1026611328125,983.111572265625,0.06810826808214188,0.03112378716468811,0.001700479770079255,0.016982538625597954,0.005755067337304354,0.002967249834910035,3.993578866356984e-05,0.0015468185301870108,9096670.0,3968539.0,2566267.5,1612164.625,0.17919921875,0.10312262177467346,0.00146484375,0.05138511210680008,0.475167840719223,0.24317926168441772,0.11010885238647461,0.0559997484087944,0.3858887255191803,0.24715669453144073,0.03988780453801155,0.07514391094446182,0.5461661219596863,0.2542790472507477,0.083491750061512,0.1623004525899887,0.4939439594745636,6.960838794708252,-0.17424869537353516,0.5114966034889221,1.1809977293014526,0.669501114993022,3.247107026747685,15.17042435617686,
vln_gref_e_mf_sol5_12,string,2979.647216796875,4014.080078125,401.21466064453125,737.8130493164062,0.07046341150999069,0.031999677419662476,0.0029418659396469593,0.013706610538065434,0.005494467914104462,0.0030745069961994886,6.857592234155163e-05,0.0012653544545173645,14937786.0,4356038.0,2242781.0,1414294.0,0.271484375,0.13219301402568817,0.0,0.05935932323336601,0.5045056939125061,0.2524913549423218,0.10789075493812561,0.056749213486909866,0.3612316846847534,0.27083441615104675,0.04191790148615837,0.06887179613113403,0.5761678814888,0.274954229593277,0.07063936442136765,0.1802072674036026,0.5256935358047485,7.800045490264893,0.24400487542152405,0.3422902524471283,2.0961904525756836,1.7539001911426901,2.1993292615433755,124.79306533646074,
vln_gref_g_mf_sol2_12,string,1032.7401123046875,1599.282958984375,240.8877410888672,442.83831787109375,0.03270476683974266,0.01521203014999628,0.0029905319679528475,0.005581357982009649,0.007133453618735075,0.004046173300594091,1.2812621434932225e-06,0.0024907966144382954,22182918.0,3816544.5,1741910.0,2392983.5,0.0771484375,0.04033627733588219,0.00244140625,0.018025830388069153,0.4117375612258911,0.21518303453922272,0.05797569081187248,0.061458222568035126,0.32835912704467773,0.22540749609470367,0.050563450902700424,0.07178158313035965,0.5302368998527527,0.2852771282196045,0.08798778802156448,0.14376403391361237,0.48643019795417786,6.942131519317627,0.1507807970046997,0.6759636998176575,2.091042995452881,1.4150793616480326,4.742023477520046,123.32269174999614,
vln_gref_g_mf_sol3_12,string,1251.1011962890625,1708.5567626953125,382.61944580078125,320.67523193359375,0.08762474358081818,0.027638332918286324,0.0014305143849924207,0.017123045399785042,0.0071565862745046616,0.0037711889017373323,7.768557225062978e-06,0.0021030709613114595,22987516.0,3153473.0,1782827.0,2195020.0,0.0830078125,0.05594442039728165,0.0,0.021951554343104362,0.4739771783351898,0.26564139127731323,0.12511016428470612,0.047156739979982376,0.3850928544998169,0.29359135031700134,0.03861916437745094,0.09982103854417801,0.5308484435081482,0.30427077412605286,0.05734701827168465,0.22981423139572144,0.46223872900009155,6.588095188140869,-0.25359171628952026,0.5634920597076416,1.1212018728256226,0.5577098100022883,3.660092486770121,13.219099539550806
